{
    "status": 1,
    "code": 1,
    "info": "Success",
    "msg": "Success",
    "data": {
        "total_profit": -33.840000000000003410605131648480892181396484375,
        "total_profit_percentage": 0.1700000000000000122124532708767219446599483489990234375,
        "today_profit": 0,
        "week_profit": -34.31000000000000227373675443232059478759765625,
        "month_profit": 5.17999999999999971578290569595992565155029296875
    },
    "url": "",
    "wait": 3
}