{
    "status": 1,
    "code": 1,
    "info": "Success",
    "msg": "Success",
    "data": {
        "direct_bonus": 493.5,
        "pairing_bonus": 919.6000000000000227373675443232059478759765625,
        "matching_bonus": 56.7999999999999971578290569595992565155029296875,
        "nft_earning": 0,
        "referral_bonus": 1469.90000000000009094947017729282379150390625
    },
    "url": "",
    "wait": 3
}